,ACCP.PA,ADP.PA,AIR.PA,AIRP.PA,AKE.PA,AMUN.PA,ATAR.PA,ATOS.PA,AUBT.PA,AUER.PA,AXAF.PA,BGBN.PA,BICP.PA,BIOX.PA,BNPP.PA,BOIR.PA,BOUY.PA,BVI.PA,CAGR.PA,CAPP.PA,CARR.PA,DANO.PA,DAST.PA,EDEN.PA,ENGIE.PA,EPED.PA,ESLX.PA,EUFI.PA,EXHO.PA,FOUG.PA,GETP.PA,GFCP.PA,HRMS.PA,JCDX.PA,LEGD.PA,LVMH.PA,MICP.PA,MT.AS,ORAN.PA,OREP.PA,ORP.PA,PERP.PA,PRTP.PA,PUBP.PA,RENA.PA,SAF.PA,SASY.PA,SCHN.PA,SCOR.PA,SEVI.PA,SGEF.PA,SGOB.PA,SOGN.PA,SOLB.BR,STDM.PA,STLA.PA,STM.PA,TCFP.PA,TEPRF.PA,UBIP.PA,URW.AS,VIE.PA,VIV.PA,VLOF.PA,WLN.PA
3Y_AVG_GROWTH_CA,92.96673487028673,90.26992777725835,95.4971576728666,99.34089116785736,97.42491674576858,103.19966008587033,105.14166666666667,97.04594322334941,105.5084979212098,89.08351584576377,95.71264206964938,105.06327306588035,92.06046719520229,109.8462757629915,100.13647637661327,93.12999710525409,101.02695790983927,98.61519573408395,,107.11648224394845,95.32780479994265,97.46180970864938,110.24459775583296,103.12151441470874,96.97883815287786,94.37929888629472,119.28052243550819,121.15011582362163,97.07990837478935,102.19905825412548,92.47442865366811,105.22004886194298,104.1837050056589,90.34372870911356,102.6845377522287,101.52075164665568,97.24611406918098,92.0763235580691,100.13002699821057,101.67799224424104,106.6592236237722,99.57118914109493,107.27034696281407,100.89299331115775,89.99195458969857,103.62842363037447,100.08200144139765,99.71905050292392,102.65616923006336,102.06261681532753,101.81905049737458,96.96520327705407,,95.28886701309344,119.97782905603233,93.23487224512903,106.12754578833636,103.1263534890053,110.17548919353233,109.70583667101944,110.04880364252737,100.64849473641185,107.83283990649463,95.59935484965901,120.32680023946871
3Y_AVG_GROWTH_NET_INCOME,30.001408989671145,1.4566336637724235,55.420599448770375,102.5652272230128,86.02712413975219,109.72521091790219,-16.5,218.25405127648935,103.51690821256041,132.0,97.89083729161476,130.05882352941177,70.90174039797789,119.57279868469126,96.3803072915227,68.72327935222673,89.16299940921776,83.29012625042796,94.4611126946989,104.96763078023177,-12.765343513146597,92.2140254434537,98.19337052768925,100.48859298149492,5.837194546098451,45.153148395518926,69.75800400145118,154.14133130198155,47.79179141804451,92.9832687212612,55.018858672972605,70.63417719180491,103.77359015916291,2.859706428373991,98.42735134652462,97.96445805319514,78.92060919954761,31.32649577717342,138.69174753257542,99.01950706377512,139.18397791387375,168.54737277624088,119.910355877105,87.98292874423913,1893.7103736307424,76.99151690197733,183.20763988135647,99.01616298803553,98.70087155786723,50.60645514707222,84.45880977327332,135.94013960977395,71.85299048375899,-234.96648183148278,130.10469421882465,94.81757826641677,313.6098166984344,99.60550184708863,102.0376923076923,-45.35506954436451,-166.5174040083629,88.02815345863205,444.79620607222955,-75.35207415926067,151.35439136426277
CASH_EQ/ASSETS_0,76.37579811492854,71.86075424782429,28.811643835616437,28.54183266932271,39.05980802362786,0.0,22.22222222222222,41.99078812691914,23.529411764705884,43.13725490196079,,52.21238938053097,23.981900452488688,23.41962673088501,,55.10204081632653,22.216400314383023,49.89160730876432,,40.48985840030616,27.70605187319885,40.16732468509118,57.12765957446808,31.027011411237904,25.787607968445755,33.521126760563384,64.74489795918367,36.219221604447974,27.115308933490752,40.45255137381667,82.00782268578878,23.355704697986578,71.1685967814709,64.72642607683353,61.398109474609804,51.82248017411753,36.286500535086375,20.01930432917456,45.42121622698653,44.03846153846154,47.74193548387097,20.133707974033523,39.91130820399113,24.454725710508924,29.78525748906092,21.29425995161645,43.957511200783316,,,42.97752808988764,37.242111177003025,41.90698367002531,,22.346119536128455,8.0,60.40995680723042,48.50697613769722,28.899345805118788,37.798507462686565,73.53288696337141,48.57922255057968,40.21566401816118,13.174433772085854,37.70179229693657,29.326606711998245
CASH_EQ/ASSETS_1,71.47220525351253,60.06042296072508,22.095093700967862,17.177811295458355,35.02613890963406,0.0,20.0,34.98115395766889,11.650485436893204,26.027397260273972,,43.38235294117647,,19.123783031988875,,51.207729468599034,18.733978550876277,45.51243177683445,,40.74356239524607,25.046451133407654,42.25143308954339,52.984464431725264,28.610795915059168,21.454311028828354,30.21348607133559,49.63720930232558,18.51620947630923,22.95307039440839,36.49169748957268,76.4963503649635,3.0578512396694215,71.98686371100165,16.122448979591837,47.56876910252848,24.164466239155036,13.156241586646326,17.00796757058988,45.279545363589065,38.15033055475711,49.352179034157835,20.400632577754347,30.8263695450325,21.57941325240263,22.17056575130798,13.825229174970108,34.43780364195589,,,32.36062717770035,28.439577888782296,28.012132786608998,,12.89859693877551,7.232704402515723,44.63242871865339,43.57666560408033,18.553974052147627,21.2298682284041,68.85768985322272,12.525667351129364,39.389105518137775,23.567193675889328,25.392969419834237,22.331397945511387
CASH_EQ/ASSETS_2,76.38150903294368,64.9354737173434,21.401372212692966,25.506432056779534,35.28403525954946,0.0,66.66666666666667,30.356504113509,9.895833333333334,33.68421052631579,,9.333333333333334,,21.91780821917808,,52.98329355608592,16.351291184327692,38.81964809384164,,35.57036074098148,24.049276914836636,48.75169343913296,66.86503213520591,35.45632449742039,17.534604588132805,32.60061919504644,26.154726154726156,29.677419354838708,23.200654307524538,32.484848484848484,78.90625,2.9836381135707413,,15.849324804548685,35.632183908045974,22.402445756018853,18.186479788052303,6.688221709006928,38.568361427070485,32.2076046847425,46.94002447980416,11.02089552238806,34.86449242076252,22.21144519883608,22.43372633083244,13.84988160140977,28.984092111151796,,,31.613318616629876,28.797037140561127,16.203508348905903,,16.77821721934895,7.7898550724637685,33.38034054110519,44.20980926430518,34.70806575148766,19.750283768444948,58.998875140607424,21.604215456674474,33.19632021922098,41.099234071206126,31.04399212081418,10.97938144329897
CASH_EQ/ASSETS_3,,61.204972904048454,,23.68759834072379,36.258194654563795,0.0,42.857142857142854,35.12043512043512,9.467455621301776,32.323232323232325,,12.121212121212121,,24.39405785770133,,60.0,25.859763598438253,19.325616507297433,,35.40229885057471,19.95110544217687,42.56644518272425,68.35232008891359,30.75230972283326,18.704961197339244,27.8220804536594,36.503937007874015,44.90690032858708,27.487262000536337,39.07155025553663,79.58387516254876,10.863757791629563,,48.02475011899096,33.93739703459637,20.193722995109443,16.4440734557596,9.624228827818284,54.15190688687491,27.860967419911063,46.86544342507645,9.640710906533691,31.328594860579553,18.161925601750546,22.576249092713564,37.5333831855571,39.140168475373756,,,31.78204382392864,26.750646978231085,20.46615979060202,,16.377744758131087,9.183673469387756,35.45239014169929,43.7536771916062,,21.397379912663755,51.78326474622771,36.100628930817614,41.27089094625466,23.108407079646017,32.16198563030699,31.282952548330403
DEBT/CASH_0,152.14968152866243,309.4579008073818,124.84844882919292,753.2663316582915,176.24448645242597,inf,50.0,154.99695307739182,50.0,136.36363636363637,,83.05084745762711,44.15094339622642,123.65038560411311,,4.938271604938271,187.21698113207546,207.69708255741776,,285.00315059861373,345.766590389016,375.2632810671659,224.90689013035382,153.44506517690874,244.8402710551791,200.54945054945054,133.90746369469773,345.8333333333333,307.64392839864536,311.2062404870624,787.5993640699523,4147.126436781609,35.629754860524095,418.8848920863309,193.84174722520586,180.94134685010863,181.60943753949863,220.03571428571428,401.45639585892263,39.70679975046787,1185.5855855855855,461.74205967276225,268.75,179.75675675675674,290.85115038647564,180.9191840950168,160.1349983125211,,,280.0746965452848,268.8903788132752,185.05270638398673,,350.29940119760477,837.1428571428571,87.27475615804265,75.61827956989248,150.87370929308975,322.8035538005923,112.15854311730048,1263.968179691156,281.541066892464,688.3888388838884,205.09103169251517,357.74121166791326
DEBT/CASH_1,155.81196581196582,364.7887323943662,115.09614617410037,1427.3170731707316,215.92039800995025,inf,300.0,224.69954413593038,150.0,205.26315789473685,,66.94915254237289,,215.27272727272728,,6.132075471698113,211.19798938843897,246.90206528980679,,153.10396409872848,381.68715557439594,394.6198830409357,272.22222222222223,166.0056657223796,296.9797364974189,208.4015510555795,176.4430284857571,1192.2558922558921,223.9804241435563,343.3469915893897,943.3206106870228,19662.162162162163,26.026459854014597,2621.940928270042,245.91121495327104,393.927567905089,469.7817189631651,294.6373536059174,426.7633021035885,54.36051987191561,1106.563245823389,538.2428940568475,405.1635111876076,246.703779665983,358.61710582625176,262.1621621621622,263.6861869481376,,,372.1668909825034,376.5615912527626,310.36695408060956,,557.9728059332509,300.0,82.74645628888462,85.25969275786393,212.96673455532925,708.735632183908,131.78869323447637,5401.024590163935,254.92725363731813,350.85953878406707,271.9752391671356,262.2
DEBT/CASH_2,139.7913043478261,337.7605428986912,108.22313056023083,818.9565217391304,169.81263011797364,inf,0.0,212.80439905734485,100.0,103.125,,357.14285714285717,,227.08333333333334,,2.2522522522522523,278.08032675289314,297.8281397544854,,153.3576975788031,307.1046770601336,343.31083763398175,35.5998576005696,125.9407927747115,289.2262397644678,122.55460588793922,311.75505740841993,623.9130434782609,234.13631022326675,383.74200426439234,793.3993399339934,23919.354838709678,,2982.0627802690583,325.90420332355814,208.737680060652,299.3890977443609,574.7237569060774,455.9279876821035,30.90909090909091,754.7588005215124,818.5265438786565,172.5076855511638,121.1166562694947,335.5522996560071,245.36779324055667,346.4907355418304,,,363.48559790514986,292.74447949526814,516.2574404761905,,345.4215775158658,346.51162790697674,113.65983414176185,73.34360554699538,46.32490239348158,663.7931034482758,128.02669208770257,6658.536585365854,320.5188679245283,114.43784558672947,201.39593908629442,115.96244131455398
DEBT/CASH_3,,304.375,,907.427536231884,173.43532684283727,inf,0.0,86.41592920353982,137.5,96.875,,162.5,,150.0,,5.376344086021505,139.3174767321613,637.7604166666666,,156.40074211502784,345.631326584976,457.3414634146341,40.65040650406504,133.76251788268956,302.74124837932953,128.59872611464968,163.8481449525453,270.2439024390244,173.02439024390245,329.9978199258775,699.6732026143791,6945.901639344263,,145.98612487611496,370.99514563106794,272.1843404655537,151.09983079526228,502.25330225330225,316.5746325715742,38.241042345276874,830.3425774877651,1020.2917771883289,226.2216404886562,21.894474449522228,327.3472869234302,73.85797637683221,151.08095007270964,,,361.653447223917,304.22535211267603,373.14250913520095,,426.008064516129,353.3333333333333,139.7433903576983,75.97489914836396,,511.9047619047619,171.39072847682118,2886.2369337979094,207.90968681718863,209.95691718525612,173.59870024370431,12.92134831460674
DEPRECIATION_AMORTIZATION_IN_OP_COST_0,8.446362515413071,30.50412987752777,,12.693792693792695,0.5216913783635365,2.3375834851244686,19.23076923076923,7.947963156395404,1.8087855297157622,5.369127516778524,,11.83206106870229,,0.6625097427903351,,1.4736842105263157,6.526660708966339,8.633436680181255,,0.7876760072494075,2.8778306239795555,,10.41776837652036,11.88212927756654,8.568901337854273,0.6319005624609402,,8.810872027180068,0.12463647694225176,7.717208338728473,27.352941176470587,2.179176755447942,10.82020389249305,48.932038834951456,,,0.45630966117696425,,23.178862009850608,,14.558610709117222,,,9.576746557878634,2.6585810647507304,9.214212939378502,7.693301188221112,3.062842644193738,,8.869482564011168,7.646307057944106,,,3.535986125831005,,1.4820611320575752,0.7233474293345203,0.6288532675709001,9.600154529650377,28.335056876938985,0.02508151492350138,,,4.31971789597414,11.541533546325878
DEPRECIATION_AMORTIZATION_IN_OP_COST_1,9.718518518518518,21.221331859629732,,11.669305957516519,0.44125063035804335,2.253683906385438,14.285714285714286,7.567715959004392,1.856763925729443,4.324324324324325,,11.570247933884298,,0.7378472222222222,,1.2244897959183674,5.837220213617421,6.966651439013248,,0.5751654585565711,2.835083300250517,,7.613104524180967,11.141304347826088,7.975949771203576,0.3342285884810504,,8.94961143143645,0.40679588418281887,6.213812451501224,26.775147928994084,-1.329243353783231,8.934859154929578,41.59233564585398,,,0.4243611266554747,,23.091329734493776,,13.910597061581745,,,8.115882473803165,1.7693487449968204,6.879526003949967,6.575667999768156,2.752641104423587,,9.146268656716417,7.055164891271554,,,3.583539547245899,,1.3161210288616232,0.6924069944842155,0.6743450498299218,10.20278833967047,31.318016928657798,0.07833920877399138,,,2.2044521288091636,11.07160995429152
DEPRECIATION_AMORTIZATION_IN_OP_COST_2,3.73948270489249,22.106722106722106,,9.963890769577974,,0.7546115148127446,11.11111111111111,4.422040327410661,0.554016620498615,3.30188679245283,,10.31390134529148,,0.8192771084337349,,1.0040160642570282,5.980549131234063,4.81000481000481,,0.6278252134605726,1.8638452204027651,,6.312292358803987,8.016877637130802,8.278413902286367,0.06092360180333861,,6.104294478527607,0.25244719216898504,5.727923627684964,25.21865889212828,-2.869757174392936,9.58832725377801,40.33910279053338,,,0.20022589588253414,,19.279382797110966,,5.884330867518494,,,6.880203515263645,1.4678865373309817,6.410392364793213,7.302990226121738,1.4603117720838559,,7.447070408665682,5.714722675367048,,,1.9102104140405314,,1.3833203488703518,0.6619328439042003,0.7440890125173852,6.243680485338726,31.73190984578885,0.09784735812133072,,,1.7244256550036157,7.595772787318362
DEPRECIATION_AMORTIZATION_IN_OP_COST_3,5.303030303030303,23.196881091617932,,10.254486698597727,,0.7166123778501629,6.666666666666667,5.0085423972664325,0.31347962382445144,3.0303030303030303,,5.6521739130434785,,0.9123162696401419,,1.016260162601626,5.082155139472679,4.971834435464119,,0.5730911655792629,1.9109311740890689,,6.4025610244097635,8.129175946547884,6.977357893070143,0.0062889126470033335,,6.106573317775185,,6.1422728600642715,22.75449101796407,-0.3469812630117974,4.604356217259443,8.321529745042493,,,,,18.97397522241623,,5.616740088105727,,,2.620380739081747,1.4846081071246635,5.648745519713262,6.1347272906598285,1.244601309617796,,7.608111737845824,5.858063095303639,,,4.016786570743405,,1.3133455803992815,0.6879471656576774,0.7876250620875612,6.562091503267974,33.86348575215374,-0.24213075060532688,,,1.561220909835107,7.613469985358711
GROWTH_NET_INCOME_YEAR-1_0,-429.37365010799135,-198.8095238095238,83.18649045521292,108.65684962070505,61.141804788213626,94.78623566214807,-250.0,16.176470588235293,100.0,400.0,82.0539419087137,87.5,52.84090909090909,148.52941176470588,86.4676373424691,65.0,58.78378378378378,34.059945504087196,55.573905862923205,111.79906542056075,56.92717584369449,101.39968895800934,79.83739837398375,76.28205128205128,-155.93908629441626,-64.17657045840407,7.899628252788104,276.4102564102564,-47.36842105263158,51.724137931034484,-70.88607594936708,10.165016501650165,90.6413612565445,-227.9245283018868,81.65467625899281,65.56965555710501,36.09366076527699,29.86960065199674,160.51930758988016,95.01333333333334,68.6695278969957,395.75757575757575,93.15424610051993,68.48989298454221,5679.432624113475,14.38496117695137,438.84533143264434,88.10609200165769,55.45023696682465,-64.95726495726495,38.09815950920245,32.432432432432435,-7.943349753694581,-808.4033613445379,152.56410256410257,0.4379341588643914,179.328165374677,43.08652988403212,81.0,-82.4,-653.8531278331823,14.102564102564102,90.96651926721415,-347.9233226837061,52.41157556270097
GROWTH_NET_INCOME_YEAR-1_1,20.734437975817286,96.39344262295081,-44.59724950884087,106.05773781353525,76.80339462517681,112.16374269005848,100.0,540.5405405405405,96.29629629629629,-50.0,180.1027557216254,94.11764705882354,101.73410404624278,107.5098814229249,108.59686420409248,70.17543859649123,90.51987767584097,110.5421686746988,110.0909090909091,117.26027397260275,-201.07142857142858,82.12005108556832,108.08435852372584,122.83464566929133,95.44573643410853,84.14285714285714,99.35364727608496,87.4439461883408,102.15053763440861,115.26232114467409,121.53846153846153,150.89641434262947,108.75444839857651,134.51776649746193,108.17120622568093,112.85804217815549,104.41264162194395,-47.65973975529229,153.73592630501534,96.27727856225931,105.9090909090909,22.664835164835164,62.14324178782983,91.51251360174102,-4.270139309509388,190.72486360093532,65.16488620529493,103.3847472150814,131.055900621118,105.08982035928143,109.2859537378478,354.15617128463475,78.8158214025722,13.553530751708427,112.5,183.53658536585365,23.756906077348066,114.27115188583079,128.2051282051282,-126.26262626262626,106.9835111542192,141.8181818181818,1246.4566929133857,57.32600732600733,311.0
GROWTH_NET_INCOME_YEAR-1_2,499.5525727069351,106.83012259194396,129.35196950444725,96.08913142337425,122.74305555555556,125.55066079295155,100.0,104.65890183028286,117.3913043478261,50.0,34.48220325334192,212.5,60.278745644599304,106.30252100840336,96.99703570047687,73.07692307692308,120.88724584103512,107.79220779220779,120.58098109070978,89.02439024390245,105.46139359698682,95.91670069416088,109.63391136801542,105.39419087136929,78.18181818181819,116.86143572621035,104.13461538461539,103.24074074074075,90.04149377593362,114.78102189781022,116.07142857142857,52.98153034300792,115.06961506961507,102.07253886010362,108.43881856540085,118.43429636533085,98.6470588235294,112.71891418563924,106.02278893109062,108.76850041887741,247.19101123595505,92.3272035510463,208.0672268907563,106.61252900232019,63.35379892555641,28.197802197802197,51.16444866920152,108.55813953488372,112.58741258741259,113.22033898305085,108.55167394468704,25.351213282247766,146.863863150392,82.83018867924528,129.19254658385094,103.35147522199942,747.2477064220184,144.47717231222387,100.0,71.22302158273381,42.27142271422714,110.83123425692695,10.444078947368421,62.25769669327252,95.23809523809524
GROWTH_NET_INCOME_YEAR-1_3,169.9619771863118,131.26436781609195,237.28643216080403,119.25162689804772,134.89461358313818,119.8943661971831,28.571428571428573,103.97923875432527,109.52380952380952,inf,106.5008576329331,100.0,115.26104417670683,132.9608938547486,100.74006751493118,101.2987012987013,147.81420765027323,96.55172413793103,103.07909604519774,89.03365906623236,-71.17962466487936,142.38372093023256,116.10738255033557,133.88888888888889,-318.0722891566265,94.03453689167975,127.92127921279213,124.13793103448276,113.50078492935636,115.36842105263158,56.0,233.08733087330873,111.0,86.16071428571429,113.21656050955414,131.94786030496803,101.43198090692124,256.7734682405846,62.793867120954005,115.33011272141707,30.37542662116041,113.20890165111271,219.55719557195573,-163.5673624288425,152.44223457151213,238.46960167714886,178.7215969420259,122.85714285714286,47.42951907131012,70.23809523809524,109.7005988023952,119.45080091533181,72.43159525038719,170.69243156199678,105.22875816993464,193.62174154187466,180.16528925619835,71.77589852008457,145.79439252336448,129.90654205607476,101.2453300124533,103.65535248041776,96.81528662420382,94.8108108108108,72.91666666666667
GROWTH_YEAR-1_0,40.03457643862682,45.46808510638298,70.81926274865916,93.45346715328468,90.22659647516595,94.97476871320437,87.5,96.48774594408009,102.15827338129496,78.26086956521739,84.62687124351365,111.02661596958175,83.47870702924577,116.60433807030665,88.46771872601688,92.10053859964093,91.47090616678531,90.23337909393999,,112.19823008849558,97.31326373715304,93.4076798354886,110.80139372822299,90.09840098400984,92.82859902094641,81.29221071589375,82.97297297297297,119.20210434020167,88.00674136831557,89.13322632423755,75.11520737327189,98.09104258443466,92.82289699259044,60.19501003728133,92.10208396254907,83.19545369852804,84.81044126786824,75.4372300502726,100.07576116293384,93.70334415693101,104.8663101604278,104.45075757575758,82.47812126172637,98.06381238069267,78.27934530133065,66.26424416288151,99.30376551247642,92.63936961484646,102.74392074452116,95.52595059672495,90.10727544971591,89.55911023418598,,86.52355927674357,132.63888888888889,80.1168347398486,106.93804939305149,92.321069507092,107.04014939309057,139.46047678795483,78.28402366863905,95.66352802707077,101.20769908164549,84.38671253273091,115.37169256614868
GROWTH_YEAR-1_1,123.36989640463132,117.29473421512354,110.6283453937558,104.32630526866879,99.11524500907441,100.33755274261604,120.0,108.82794891059353,104.25,84.7926267281106,124.38473968684411,107.34693877551021,100.0,110.45022717885172,113.18286078801286,92.21854304635761,106.676979327802,106.33993743482795,,107.03190118966432,99.96764015856323,102.58001703784836,115.55939027897612,117.99709724238026,105.42594835606579,101.39237616982425,160.52801624665375,120.65591113462047,107.5807321017298,110.65719360568383,100.55607043558851,102.25225225225225,115.37043245055314,109.6196164728073,110.4218776054694,114.6158117285269,109.56509896495369,92.87414675206819,102.07099876755032,110.89950625533653,109.38871014916643,92.00609888913091,116.23124771313574,110.55170334639735,96.7223392953552,119.37217598097503,105.47691790229,105.59097978227061,105.86029365028921,103.94668513069067,110.42081898894727,101.91267295446929,,99.36277546685547,118.81188118811882,97.98482049052639,98.88245033112582,116.06534628484926,120.58095023643324,86.39566395663957,123.62838332114119,104.7666756579708,114.11139821992535,101.84584814892283,138.43023255813952
GROWTH_YEAR-1_2,118.3129055515501,110.78241636715511,107.93771813899902,103.25323111700821,105.88517895748258,117.41392122863512,111.11111111111111,88.76292097365788,113.31444759206799,106.89655172413794,81.02669837161002,100.0,95.49240568348849,105.81293706293707,101.79328829388928,97.89303079416531,107.99441120189533,102.26060993815312,,105.36526946107784,91.5912318616857,99.35112042560051,107.71375464684014,104.39393939393939,95.62071975292064,103.31328852729631,117.9551393728223,127.2635476270616,98.59406705961929,109.903695991671,104.55426356589147,118.50533807829181,107.51486754370157,103.95424836601308,108.6413043478261,109.82737592644713,100.30965391621129,110.7077854948383,101.27756430651753,103.5122776005841,108.95474824729126,105.27401972024765,126.35228848821082,97.12082764005466,97.70120809937043,128.38910600879336,98.4981088318931,103.94859152083417,102.47508630235133,109.80802128872838,108.01448282610824,102.36216613575104,,102.86780772032047,112.11840888066605,104.42826066395536,115.77812387684197,104.11768568989295,106.24401913875599,106.58578856152513,131.56881616939364,104.56523491014586,111.44708423326134,103.46245401428263,110.82474226804123
GROWTH_YEAR-1_3,168.52976913730257,122.73498473023413,88.64691128099608,112.21462446233595,110.49767750497678,149.57391626528343,120.0,98.8382631622312,108.28220858895706,126.875,103.96238666322452,117.78846153846153,100.79012345679013,108.79695672848312,72.51370007113017,100.48859934853421,103.63573407202216,103.07759947241152,,99.88834835313821,102.79406910909691,113.06963179001093,105.66284779050737,115.89113257243196,91.88155459592843,90.6574024585783,129.07940969782152,117.15299684542586,102.23758952827859,107.41595023415111,100.87976539589442,111.72962226640159,106.67051134179162,102.89172831203766,110.00398565165405,113.3936170212766,105.0365906155833,120.9328942966315,99.85580917933427,104.44292823888264,110.45406546990496,96.80355160932298,87.33042635658914,105.27072844960443,114.68883554827,99.35687416575658,104.39531934516947,101.16112678359704,106.3963963963964,103.0087455945699,106.04197473214518,104.3920906556161,,109.34793429566949,102.85442435775452,99.93572657328116,119.70457478846981,102.30448804084924,114.55193203617429,118.64290610006854,117.40112994350282,102.60883945921363,115.54672335705703,111.89539318360676,118.56378915202444
LATEST_0,31-Dec-20,31-Dec-20,31-Dec-20,31-Dec-20,31-Dec-20,31-Dec-20,31-Mar-21,31-Dec-20,31-Dec-20,31-Dec-20,31-Dec-20,31-Mar-21,31-Dec-20,31-Dec-20,31-Dec-20,31-Dec-20,31-Dec-20,31-Dec-20,31-Dec-20,31-Dec-20,31-Dec-20,31-Dec-20,31-Dec-20,31-Dec-20,31-Dec-20,31-Dec-20,31-Dec-20,31-Dec-20,31-Aug-20,31-Dec-20,31-Dec-20,31-Dec-20,31-Dec-20,31-Dec-20,31-Dec-20,31-Dec-20,31-Dec-20,31-Dec-20,31-Dec-20,31-Dec-20,31-Dec-20,30-Jun-21,31-Dec-20,31-Dec-20,31-Dec-20,31-Dec-20,31-Dec-20,31-Dec-20,31-Dec-20,31-Dec-20,31-Dec-20,31-Dec-20,31-Dec-20,31-Dec-20,31-Dec-20,31-Dec-20,31-Dec-20,31-Dec-20,31-Dec-20,31-Mar-21,31-Dec-20,31-Dec-20,31-Dec-20,31-Dec-20,31-Dec-20
LATEST_1,31-Dec-19,31-Dec-19,31-Dec-19,31-Dec-19,31-Dec-19,31-Dec-19,31-Mar-20,31-Dec-19,31-Dec-19,31-Dec-19,31-Dec-19,31-Mar-20,31-Dec-19,31-Dec-19,31-Dec-19,31-Dec-19,31-Dec-19,31-Dec-19,31-Dec-19,31-Dec-19,31-Dec-19,31-Dec-19,31-Dec-19,31-Dec-19,31-Dec-19,31-Dec-19,31-Dec-19,31-Dec-19,31-Aug-19,31-Dec-19,31-Dec-19,31-Dec-19,31-Dec-19,31-Dec-19,31-Dec-19,31-Dec-19,31-Dec-19,31-Dec-19,31-Dec-19,31-Dec-19,31-Dec-19,30-Jun-20,31-Dec-19,31-Dec-19,31-Dec-19,31-Dec-19,31-Dec-19,31-Dec-19,31-Dec-19,31-Dec-19,31-Dec-19,31-Dec-19,31-Dec-19,31-Dec-19,31-Dec-19,31-Dec-19,31-Dec-19,31-Dec-19,31-Dec-19,31-Mar-20,31-Dec-19,31-Dec-19,31-Dec-19,31-Dec-19,31-Dec-19
LATEST_2,31-Dec-18,31-Dec-18,31-Dec-18,31-Dec-18,31-Dec-18,31-Dec-18,31-Mar-19,31-Dec-18,31-Dec-18,31-Dec-18,31-Dec-18,31-Mar-19,31-Dec-18,31-Dec-18,31-Dec-18,31-Dec-18,31-Dec-18,31-Dec-18,31-Dec-18,31-Dec-18,31-Dec-18,31-Dec-18,31-Dec-18,31-Dec-18,31-Dec-18,31-Dec-18,31-Dec-18,31-Dec-18,31-Aug-18,31-Dec-18,31-Dec-18,31-Dec-18,31-Dec-18,31-Dec-18,31-Dec-18,31-Dec-18,31-Dec-18,31-Dec-18,31-Dec-18,31-Dec-18,31-Dec-18,30-Jun-19,31-Dec-18,31-Dec-18,31-Dec-18,31-Dec-18,31-Dec-18,31-Dec-18,31-Dec-18,31-Dec-18,31-Dec-18,31-Dec-18,31-Dec-18,31-Dec-18,31-Dec-18,31-Dec-18,31-Dec-18,31-Dec-18,31-Dec-18,31-Mar-19,31-Dec-18,31-Dec-18,31-Dec-18,31-Dec-18,31-Dec-18
LATEST_3,31-Dec-17,31-Dec-17,31-Dec-17,31-Dec-17,31-Dec-17,31-Dec-17,31-Mar-18,31-Dec-17,31-Dec-17,31-Dec-17,31-Dec-17,31-Mar-18,31-Dec-17,31-Dec-17,31-Dec-17,31-Dec-17,31-Dec-17,31-Dec-17,31-Dec-17,31-Dec-17,31-Dec-17,31-Dec-17,31-Dec-17,31-Dec-17,31-Dec-17,31-Dec-17,31-Dec-17,31-Dec-17,31-Aug-17,31-Dec-17,31-Dec-17,31-Dec-17,31-Dec-17,31-Dec-17,31-Dec-17,31-Dec-17,31-Dec-17,31-Dec-17,31-Dec-17,31-Dec-17,31-Dec-17,30-Jun-18,31-Dec-17,31-Dec-17,31-Dec-17,31-Dec-17,31-Dec-16,31-Dec-17,31-Dec-17,31-Dec-17,31-Dec-17,31-Dec-16,31-Dec-17,31-Dec-17,31-Dec-17,31-Dec-17,31-Dec-17,31-Dec-17,31-Dec-17,31-Mar-18,31-Dec-17,31-Dec-17,31-Dec-17,31-Dec-17,31-Dec-17
LEADER_AGE_AVG,52.714285714285715,54.3,57.5,57.11538461538461,56.0,59.625,52.5,57.8,73.0,56.0,58.0,51.833333333333336,51.833333333333336,57.09090909090909,58.0,59.25,57.04545454545455,57.69230769230769,60.1,60.05555555555556,57.77777777777778,55.30769230769231,60.2,55.411764705882355,58.56521739130435,57.583333333333336,59.05882352941177,61.857142857142854,57.38461538461539,61.4,59.4,63.0,52.458333333333336,55.833333333333336,58.35294117647059,60.23076923076923,58.07692307692308,58.0,53.285714285714285,53.857142857142854,54.38461538461539,52.86666666666667,52.588235294117645,59.44444444444444,55.45652173913044,59.73684210526316,57.75,54.851851851851855,52.31578947368421,57.80952380952381,60.65384615384615,57.45454545454545,55.425,59.166666666666664,57.57142857142857,56.095238095238095,58.70967741935484,60.94444444444444,63.333333333333336,55.357142857142854,56.5625,61.294117647058826,54.85,57.5,56.95652173913044
LEADER_APPOINTED_AVG,2018.1333333333334,2017.3666666666666,2018.0416666666667,2017.2307692307693,2016.4,2017.825,2016.5,2018.6875,2014.25,2010.0,2018.3548387096773,2011.3,2017.3125,2016.6,2016.7837837837837,2010.125,2018.095238095238,2017.8,2017.2549019607843,2018.0588235294117,2017.6129032258063,2018.2307692307693,2016.3636363636363,2017.0434782608695,2017.6538461538462,2016.7272727272727,2018.6190476190477,2015.2,2016.7916666666667,2017.125,2017.2608695652175,2017.4285714285713,2013.2173913043478,2015.9444444444443,2017.0,2012.72,2017.9285714285713,2017.2142857142858,2017.2592592592594,2018.6666666666667,2017.0,2018.3846153846155,2015.9130434782608,2017.7058823529412,2018.313725490196,2017.578947368421,2017.8846153846155,2017.68,2018.1666666666667,2018.2916666666667,2017.975,2017.4137931034484,2017.8285714285714,2015.65,2016.625,2021.0,2017.3870967741937,2015.9,2016.9333333333334,2016.9285714285713,2019.875,2015.695652173913,2016.7142857142858,2016.375,2018.5483870967741
LONG_TERM_DEBT/DEBTS_0,72.9199372056515,86.75922474841595,84.70509830056648,82.50685642280038,95.2091526635681,78.17080466646725,100.0,71.63357578140358,65.38461538461539,50.0,,82.99319727891157,23.076923076923077,73.18087318087318,,66.66666666666667,87.1504157218443,80.57381948595338,,86.3143931019235,69.77919499428434,76.53882132834424,98.07493272614366,91.08009708737865,79.31888871316359,80.67687348912168,90.24800336275746,92.4857324032974,95.94275829532945,78.34566240753195,98.46588615260396,78.46452328159646,86.8920521945433,76.4276513525118,75.60029553010713,65.97833626807534,80.0719174109732,79.65427690310014,78.59609248655973,51.1783189316575,87.44300911854103,96.9254820218864,76.08268733850129,82.73943767854458,20.685367938456757,64.33566433566433,87.35879278367898,,,79.09721296172823,87.55454432115697,80.77956989247312,,92.10826210826211,95.90443686006826,80.67433821092011,69.78314966228226,68.55751513556199,82.81345565749236,90.44890162368672,94.79101106956425,60.81704260651629,68.2923640167364,63.60348512247246,78.29813924315283
LONG_TERM_DEBT/DEBTS_1,90.53757542512342,82.88747931605074,82.59272097053726,86.09706083390294,78.2422646477946,91.36353967241013,100.0,65.99040944300997,63.888888888888886,76.92307692307692,,69.62025316455696,,25.844594594594593,,69.23076923076923,75.19502842787254,87.53372908796545,,77.08842208109428,68.95268769435806,76.31298162418494,98.43159486016629,85.35836177474403,77.83629523933065,78.95389704362208,90.10090281465746,87.15052245128494,94.73173100267056,71.22668174109667,98.52316407040259,74.90034364261169,81.0692375109553,73.27003540392661,85.36817102137768,61.319595799484844,83.49063452882243,79.99302649930264,80.23568884102394,56.72210672210672,87.56605197886337,88.564570331253,71.3678844519966,76.9833729216152,14.908198230450571,51.4639175257732,81.47492398291058,,,79.52408505713872,85.66706823587558,82.94353275617004,,74.92246344705362,60.869565217391305,62.204480272847064,60.36036036036036,68.63245138667517,85.8579305870905,82.70042194092827,92.34738399666122,63.4502235820193,76.2189292543021,91.39250982826402,93.28756674294432
LONG_TERM_DEBT/DEBTS_2,68.67379945260015,84.80195177956372,86.61778863956158,82.12642457705104,91.78586023702493,80.93635698610095,,80.86009597637505,52.63157894736842,39.39393939393939,,70.0,,80.1223241590214,,80.0,78.0171358629131,84.17882054533925,,97.52755436401549,64.3121328595257,82.53931544865866,65.0,88.16733067729083,83.01628705942233,72.41379310344827,70.94002104524728,87.61482420019006,88.75784190715181,79.33046256424504,98.96006655574043,72.5826028320971,,79.89473684210526,88.00239952009598,54.52646871878689,81.94945848375451,74.62949611471602,68.81591936405674,1.04754230459307,88.16721368111936,85.16214427531436,80.72810590631364,88.90033479268607,11.679164689131467,64.31696645600388,89.41419543023821,,,77.91563275434243,81.27901193633953,83.21683360956979,,83.46456692913385,38.92617449664429,59.65721365638767,92.33193277310924,88.23744961524368,96.27705627705627,66.26954579300074,87.63125763125763,67.89919058130978,81.54974946313529,72.79983196807393,48.582995951417004
LONG_TERM_DEBT/DEBTS_3,,90.19507186858316,,83.3300059892194,90.21651964715316,86.67279411764706,,63.54326676907322,50.0,83.87096774193549,,61.53846153846154,,83.54700854700855,,26.666666666666668,85.9709026128266,91.46590445079624,,82.53262158956109,70.05009633911368,82.81691643112367,100.0,93.475935828877,76.34138880391556,79.14809311540367,87.99368088467615,75.0,84.88863828587539,80.06209949131268,98.52872489490892,81.73235780033042,,58.791581805838426,80.8308799476611,60.86731167933656,82.68010451661067,78.45761138613861,70.55871618720481,1.1073253833049403,90.78585461689588,94.1115299623034,81.87078109932497,91.27134724857684,10.134092321260347,73.5067437379576,91.8185318275154,,,81.69548713622945,77.8245417134306,81.4999183939938,,75.29578797917652,38.9937106918239,59.68504813310334,93.03834808259587,,92.15946843853821,72.10200927357033,86.09283515422224,66.25796959293771,95.07523939808482,75.50304164716893,6.521739130434782
LONG_TERM_INVEST/ASSETS_0,11.511473544471837,13.511039310716209,9.825151005949408,1.8176620530290397,1.1390159648959015,60.315702021600664,36.36363636363637,3.679593975837149,0.5249343832020997,0.6134969325153374,,0.1865671641791045,0.046104195481788846,0.9931245225362872,,0.2560819462227913,5.098097137089826,1.5991471215351811,,0.742461510430901,5.553921156594099,3.441181971198803,0.2159827213822894,2.078913873568095,10.29429045188077,1.588065447545717,0.24656905845024657,0.6530612244897959,6.448452717109434,2.1559265739450195,4.566890047158104,88.01916144007112,4.425339366515837,5.493741307371349,0.007747733787867049,2.2581921579814304,4.45996775926921,11.939989275093843,2.5804535286309673,21.78599275329083,1.6385712601673936,2.242822036270881,6.1524727727191575,0.7161566261065615,14.004164614600343,6.0661253193696085,1.8589178286722141,,,5.890287769784172,2.178467613667526,1.0940649035495413,,3.5909957122439256,0.4235907461713913,2.134763862428557,0.2286684960146348,4.316659854748955,0.7545558086560364,0.3071253071253071,86.63337814480506,13.45149130348522,20.431771680394522,1.9737889319255053,0.6101281269066504
LONG_TERM_INVEST/ASSETS_1,13.683002080792136,9.52182456976121,15.019797393561696,1.832089039527321,1.0840849048009475,60.52512262478876,34.883720930232556,9.904016301142152,0.5376344086021505,0.7142857142857143,,0.22727272727272727,,0.8198889182755885,,0.13089005235602094,5.174772036474164,1.6739963115335508,,0.7058174800110284,5.955619462148298,5.56192407742163,0.3892733564013841,1.6205266711681297,10.161896954184476,1.9459333488697272,0.2795580320635947,0.6902722740636584,9.068529226541479,2.345104480335797,5.067862034615864,86.72631270167204,5.201902641433053,5.25844039438303,0.16917611233293858,2.8360637052234554,4.669002746472204,8.305273695226829,2.3421178366325965,24.426487708005205,1.5613178347891876,1.7446471054718478,5.274790039781936,0.6797513702195414,18.183529642877605,5.837693888992711,4.703910019869429,,,6.050401302127182,2.224684342741803,6.192105315807375,,3.0459473412493545,0.7588075880758808,2.1010974664436377,0.2755037783375315,4.89703103481408,0.8272859216255443,0.3607103218645949,86.56677384120732,9.112850142616836,15.401917206662025,2.225982128694549,1.2363636363636363
LONG_TERM_INVEST/ASSETS_2,17.356454720616572,10.786083276280575,14.10267539367003,1.5888518342067652,0.9890218573830482,53.498591011128624,15.151515151515152,0.9825732295142752,0.6134969325153374,0.6289308176100629,,0.0,,1.6852327906312483,,0.1303780964797914,8.086865542144078,1.8700787401574803,,0.7273608922293612,6.41225885432057,5.355728093804468,0.5392525708552797,1.5680880330123796,9.133908472238488,1.784381066149022,0.4235712219513203,0.9993060374739764,4.790575916230367,1.9658851422550052,4.477798624140087,84.63060686015831,,5.094228504122497,0.1843586260430817,3.6594885598923286,4.295293102303658,6.313493846507907,4.101788968030479,23.41836336687729,1.3729361091170136,4.615880173941053,6.542799644311321,0.9047267355982275,19.51807019374587,6.294928606597735,4.981688927186558,,,6.30066762041011,2.355454702283796,4.527257240204429,,2.422727272727273,0.31826861871419476,2.102753089096033,0.6777937812420571,5.606743775730249,1.002038043478261,0.24330900243309003,90.19790165357138,9.276225377920293,15.521102009580227,2.300779558250325,1.620006291286568
LONG_TERM_INVEST/ASSETS_3,,8.503782572149062,,1.6306334852658007,0.9085213032581454,47.94345839090233,18.181818181818183,1.2310886977158113,0.33112582781456956,0.6097560975609756,,0.4484304932735426,,1.6722408026755853,,0.25,8.456601382805829,2.317757009345794,,0.7463622679377823,6.550519733126974,6.6043064687408215,0.49793711765542753,1.6583480920946707,8.786465965099241,3.8782564707866114,0.14904610492845788,0.8401920438957476,4.8675541212854645,0.8825684406847399,0.14684287812041116,76.85268079180344,,10.134288272157566,0.37139219015280134,3.5997419539817934,2.5527367712827007,7.684912716742676,3.9727737050205034,24.12914909872945,1.5471892728210417,3.034711414845389,1.567814833639598,0.975609756097561,19.214915513334972,7.2657094333796515,5.438169376734494,,,6.561072190070058,2.389582109651448,0.8295576422176987,,2.596615542398956,0.7840342124019958,2.2170531365850112,0.818616629874908,,0.9576837416481069,3.7789661319073082,93.58710483106312,10.316630962955223,26.188807103633604,3.8266613518592334,1.2490537471612415
NET_PROFIT_MARGIN_0,-122.64034546576188,-54.70285446888161,-2.2699951915371055,11.886746399804736,4.211060375443937,20.12397609032544,-23.80952380952381,4.919059118146857,6.103286384976526,-2.7777777777777777,2.791477347920067,4.794520547945205,5.716041794714198,12.957023733162284,9.579125720094883,5.0682261208577,2.006110566668588,2.7168006955009782,inf,6.03861686017163,0.8884268884268884,8.281117696867062,11.028751123090746,16.245733788395903,-2.7551075317034672,-2.6170036001107726,0.5890914131263428,9.911732254505333,-1.630350395942239,2.2510354763191067,-13.742331288343559,23.05389221556886,21.67788386288934,-28.77560743211053,11.16576487948844,10.530559225997179,3.0875958766915823,-1.3760090107002065,11.407617695765317,12.728636753358103,4.07955124936257,14.800543970988214,16.412213740458014,5.339265850945495,-18.42020518010765,2.116529372857916,32.95244721560652,8.450256369490043,1.367461430575035,-1.3248881399267824,2.8272251308900525,1.195971464540495,-inf,-9.903232448013178,18.691099476439792,0.03345793529927546,6.791271161561797,2.8431834235931244,5.652477320307048,4.633378317588844,-272.562358276644,0.33834441923949404,8.949658172778124,-6.625699683621319,5.933745904623225
NET_PROFIT_MARGIN_1,11.43492220301309,12.51063829787234,-1.9325179488634752,10.223540145985401,6.214236667429618,20.164003364171574,8.333333333333334,29.340697273041076,6.235011990407674,-0.5434782608695652,2.8790084742599023,6.083650190114068,9.030271934325295,10.172026925953627,9.800700306983883,7.1813285457809695,3.121621977906088,7.197489703863503,inf,6.060176991150443,1.518707345364301,7.628425673270851,15.306122448979592,19.18819188191882,1.6400812547870391,3.314948221521837,6.187464059804485,4.2744410346339325,3.029060763414412,3.879079721776351,14.56221198156682,222.46696035242292,22.19962225773645,7.599655864640091,12.594382361824222,13.361281907956027,7.255023824321524,-3.475182326701126,7.1120791704152655,12.553141632912663,6.229946524064171,3.90625,14.531259837562173,7.644759567312063,-0.2538847975223725,9.749780859032592,7.4566182137067845,8.885043081228368,2.5337736415490846,1.948376353039134,6.686767993764486,3.302562657083128,inf,1.0599447759864613,16.25,6.120883285422463,4.049811636668062,6.092060214118798,7.469654528478058,-7.841907151819322,32.633136094674555,2.2951302045019863,9.957227324191722,1.6070236689428556,13.061738765224696
NET_PROFIT_MARGIN_2,68.03778184034125,15.22335912153731,4.793821715039163,10.056636999666841,8.01950998185118,18.037974683544302,10.0,5.907212622088655,6.75,0.9216589861751152,1.9883355931573765,6.938775510204081,8.876346844535659,10.450227178851714,10.214579459547496,9.437086092715232,3.6788074813668965,6.923879040667362,inf,5.531560203076457,-0.755062966858129,9.529025191675794,16.36468219729652,18.432510885341074,1.811575122439307,3.9945217986761015,9.997230684021046,5.897910605659878,3.190081834664576,3.724097098875074,12.048192771084338,150.75075075075074,23.550117331545422,6.193021062558944,12.856428214107053,13.569384529961987,7.613037951697839,6.772059500480054,4.721973852734346,14.459665144596652,6.434630008774495,15.857111740361576,27.178924259055982,9.23525273841825,5.750709695396994,6.102259215219976,12.069400454074053,9.074650077760497,2.046653530795144,1.9271825053372569,6.756205834390288,0.9503518935222866,inf,7.770599168067971,17.16171617161716,3.267760750643046,16.85637417218543,6.1877128800302765,7.0254447196577345,5.365853658536586,37.710314557425015,1.6955030634657624,0.911570485213896,2.8550512445095166,5.813953488372093
NET_PROFIT_MARGIN_3,16.113914924297045,15.786563450373237,4.000203314018502,10.806427834291611,6.918087917367283,16.86896210056973,11.11111111111111,5.010003334444815,6.515580736543909,1.9704433497536946,4.672215031755109,3.2653061224489797,14.061734443900049,10.402097902097902,10.719664000221053,12.641815235008103,3.2864562767670016,6.568564725954361,inf,6.54690618762475,-0.6557579499845632,9.870224085120103,16.07806691449814,18.257575757575758,2.2156573116691285,3.5314231812286287,11.32404181184669,7.270279367216426,3.4930911199149675,3.5658511192087454,10.852713178294573,337.1886120996441,22.00396467832042,6.30718954248366,12.880434782608695,12.583262970259874,7.741347905282331,6.65123254561074,4.510634132014978,13.760903815855205,2.8362014021669855,18.08071543224031,16.50485436893204,8.413039234823346,8.868470307980262,27.78456277479238,23.235139836006738,8.689326274097725,1.8628281117696868,1.8690996641956537,6.7227713083471965,3.837294780691007,inf,9.650400582665695,14.893617021276595,3.3018064882247233,2.6117167844734634,4.4591843436001835,7.464114832535885,8.03004043905257,117.37247353224254,1.5996454186477556,9.72722182225422,4.744644016446657,6.765463917525773
OPERATING_MARGIN_0,200.1233806292412,164.2957416939635,101.02179836512262,82.18208445203808,92.3896499238965,72.92450741642683,123.80952380952381,94.18656649673554,90.84507042253522,103.47222222222223,95.27989765759408,89.72602739726027,90.41180086047942,82.2963438101347,86.68654693324297,92.5925925925926,96.76024672854096,91.1323625298848,,90.52246340232206,97.62300762300762,88.1541066892464,84.95058400718779,71.80887372013652,97.33637064806013,99.70229853226253,96.8674197796105,81.18793674144906,99.6635784897262,92.71865057926647,83.43558282208589,61.82634730538922,67.55360776334325,122.67746545974273,82.5381210034432,82.14597657387293,93.14573257120524,96.03904636756148,86.93872722971375,83.92397827950843,88.092809790923,73.24342701722574,74.82442748091603,90.88802373007044,104.69015963564429,94.42607179363839,62.15847360111322,87.72606224412735,97.20079476390836,97.8150967516997,94.40245845663556,96.24422996223248,,106.84578958204654,75.28795811518324,97.30721306936177,87.93424014091399,95.47916176124323,90.31751570132589,86.9995501574449,301.36054421768705,96.8895382367642,90.95090118085767,103.52275492820638,91.15398616672734
OPERATING_MARGIN_1,83.35391454680168,77.0,98.10011634836403,83.54470802919708,90.77592126344702,72.77123633305298,87.5,94.30445288229203,90.40767386091127,100.54347826086956,95.63967596222048,92.01520912547528,87.01898409440739,86.16305160807778,86.33681887950883,87.97127468581688,95.52848743705344,85.859972543636,,89.85486725663716,98.52580183971298,87.19895598528889,79.76605276256844,67.89667896678966,93.879250058277,94.29873930661864,90.35077630822312,87.43971942130645,95.17627767149494,89.63616907437132,62.30414746543779,-143.6123348017621,66.01772482928955,86.80814453685116,81.30474176985805,78.99571455189118,88.85021752641393,100.88791333286129,85.96050949382074,82.8909048304489,85.53475935828877,88.42329545454545,70.97525656362149,88.48286519407327,96.2709544988026,84.73185114351742,91.69567643698015,87.48435083584947,95.71900330231162,92.97807382736609,88.38225339979078,93.93747210673432,,97.18535672931326,76.94444444444444,95.37375100520396,89.16910841356216,91.06570295092658,88.40336134453781,103.76411543287327,75.53254437869822,95.08974547594526,91.65303811800227,95.02490116547723,82.69634607307854
OPERATING_MARGIN_2,97.775746496039,72.0239580733716,92.07622396282983,84.3558136214364,89.47368421052632,75.48523206751055,90.0,94.08339594290007,90.25,97.6958525345622,98.32370586377904,91.0204081632653,86.76244227809133,85.70838496489054,86.14530598949497,82.45033112582782,94.85585712276755,86.71532846715328,,90.52057285746761,98.89032710406386,88.87266236663827,77.91199309749784,68.79535558780842,95.35696104762407,93.66582971924218,87.08575648481492,86.22057656704575,95.11442152202676,89.30728241563055,63.57738646895273,-68.01801801801801,64.3312101910828,88.9971707010374,81.00717025179256,78.90701746892752,88.42382422371527,91.3997869346205,88.330393175612,82.08040984519434,86.9844983913425,74.13417556087998,72.76253201609953,86.90583860918501,94.79788920043887,89.70273483947682,86.89351683157216,86.79626749611198,95.81770800228819,93.75108187640645,88.85667693422721,96.52415377986307,,91.27356403221523,75.16501650165017,95.328406332645,85.97889072847683,90.70266178882301,89.07903625309615,91.3821138211382,37.381126554498906,94.82100882432276,99.1817398794143,94.00230077389668,88.02325581395348
OPERATING_MARGIN_3,85.65248738284066,70.91512303013548,95.48473450577751,85.15897587105017,89.85106894066779,76.04656923458013,83.33333333333333,92.70590196732245,90.36827195467423,97.53694581280789,94.17948409234566,93.87755102040816,81.62665360117589,86.23251748251748,84.37435238529449,79.74068071312804,95.38620417337424,87.07613563659629,,90.55489021956087,99.13553565915406,85.12413348379816,77.41635687732342,68.03030303030303,95.40922519135222,93.74484141021107,85.3331881533101,86.53651969033996,94.30862885302928,89.09422175950026,64.72868217054264,-256.4056939501779,65.36312849162012,92.2875816993464,81.43115942028986,80.97147950089126,88.01912568306011,92.08782888510316,88.30612594532417,83.0918802597702,86.80688336520076,73.67576243980739,76.64355062413316,87.1559633027523,93.52390675514718,85.1856375183195,83.9761464343889,87.02663379541688,96.80192796196184,94.35468542102262,88.86877385262746,93.84709629992649,,91.1143481427531,79.46345975948196,93.18736404048047,87.0731999520786,92.55270243646154,91.50717703349282,87.17504332755632,-39.7497593840231,95.30985574985897,91.85665146788257,92.52326336290847,88.01546391752578
R&D_0,,2.2411953041622197,50.47686329918756,,15.568475452196383,,43.75,,,,,0.0,3.1969309462915603,22.703936109526527,,0.7614213197969543,,,,,,2.8450629789482957,2.025931928687196,,,23.150033944331298,6.521217933349317,,,,,,,,10.021991831605403,,11.303587051618548,9.649468294604175,,4.711862749890024,,,,,18.830539005126784,,21.922100587022054,7.069712485230406,,,,4.519119351100811,,8.416433984842442,8.383233532934131,10.538078047103317,34.80364257256687,26.02287166454892,,16.96522655426765,0.13458950201884254,,,49.28074245939675,
R&D_1,,1.6507177033492824,31.96573060447406,,13.09836927932667,,19.047619047619047,,,,,0.0,,25.511596180081856,,0.4662004662004662,,,,,,2.828592150858248,2.0390070921985815,,,16.901408450704224,5.146023100760635,,,,,,,,9.07768402676753,,9.700649534029935,8.235294117647058,,4.516691122523844,,,,,15.746872700515084,,23.4457220814656,6.120167675826735,,,,4.292557111274871,,8.045591686221924,10.561497326203208,8.403090792015455,34.284873454973514,24.275923059915986,,17.300521998508575,0.8,,,37.203242617255356,
R&D_2,,1.7838405036726128,36.6109024695573,,12.0,,18.75,,,,,0.0,,25.038402457757297,,0.6396588486140725,,,,,,2.809931219594028,21.27444369521241,,,13.116197183098592,2.8294862248696946,,,,,,,,8.826351135273425,,9.952388266011365,3.162486368593239,,4.662076001020148,,,,,14.989168471921346,,24.296675191815858,5.944438912675495,,,,4.2761608740698875,,9.785831960461286,9.538950715421304,9.401986883968574,30.42387060791969,21.55615365793981,,15.50131926121372,0.10075566750629723,,,34.02286336418073,
R&D_3,,1.4484356894553883,40.84097191910374,,12.641204948897256,,13.333333333333334,,,,,0.0,,25.103220478943022,,0.6134969325153374,,,,,,2.8074207847644064,20.915032679738562,,,13.267233238904627,1.0348395998620215,,,,,,,,8.710680954026962,,8.971308607417775,3.8734847429288,,4.698885555079297,,,,,14.430976978768404,,22.23667100130039,5.274794693619709,,,,4.331087584215592,,7.6150356448476995,9.566787003610107,9.400749063670412,33.463668947539915,21.617250673854446,,13.449477351916377,0.18050541516245489,,,32.01983298538622,
SALES_GENERAL_IN_OP_COST_0,60.511713933415535,30.561093705497008,4.244179128158343,25.17968517968518,10.227896760021967,27.200971463266544,30.76923076923077,60.03228563289336,75.45219638242894,17.449664429530202,9.92268160562989,15.648854961832061,30.79537729435758,30.748246297739673,,52.21052631578947,48.552278820375335,58.40686859050799,,16.464519726753103,15.946617448711578,36.744789165305924,43.54838709677419,45.627376425855516,22.109608226145284,4.944101104089993,13.35765901123274,0.0,9.939759036144578,27.443998446199664,34.55882352941177,22.276029055690074,42.46987951807229,18.019417475728154,33.09495431068733,55.70762561683797,16.369453477394316,3.473416731821736,31.709706386568342,60.81219138430104,89.55137481910275,44.40662231161999,21.118139155274434,63.661397246302904,10.952914551886273,34.67269485481406,39.99483382125022,22.848987358977844,0.48097156255636386,27.903522842036477,34.153987123532104,16.95552648790059,,10.742846131611909,27.399165507649514,6.259040572905551,12.274649454707323,11.831072749691739,79.40892408730926,32.41985522233713,2.595936794582393,10.869047619047619,38.84788847888479,4.889803114898619,39.81629392971246
SALES_GENERAL_IN_OP_COST_1,92.35555555555555,37.49654600718431,8.85896527285613,24.081253754163708,9.745335350479072,25.599537705865355,38.095238095238095,60.953513909224014,77.45358090185677,15.675675675675675,8.370350130762326,15.289256198347108,28.007075471698112,32.50868055555556,,56.734693877551024,46.794358733751004,61.80904522613066,,17.451938228805545,16.298648852140346,36.997732426303855,48.517940717628704,47.73550724637681,20.542016955766023,4.643390032826022,12.729124236252545,0.0,9.57166786312515,25.6371993075867,37.27810650887574,-9.406952965235174,43.265845070422536,19.52428146679881,32.76374442793462,56.77524353138194,15.463532922962134,2.883130737486314,32.14167676545114,61.691301187303125,88.30884651453579,37.83132530120482,20.314024660693693,62.38956235874255,10.384169378670556,31.764318630678076,28.311018373616182,22.55566311713456,0.4704554008280015,28.065671641791045,34.187379609645156,17.563512702540507,,11.190541655210339,28.790613718411553,6.197786435618616,12.6628330008215,12.048696067315152,78.91846218842417,33.192261185006046,7.481394437916177,10.787916295981123,37.71189348706334,4.700669980548952,44.43880142204164
SALES_GENERAL_IN_OP_COST_2,80.39887815518853,39.84753984753985,4.151110656506248,23.386368765515684,9.470081135902637,23.951928451648968,38.888888888888886,64.54382112198043,76.73130193905817,13.679245283018869,10.367137986077658,15.246636771300448,29.331756357185096,30.987951807228917,,58.032128514056225,47.891834193204055,64.86291486291486,,17.277749874434956,17.480877520690456,36.83129450429067,50.09228497600591,51.47679324894515,19.55745370199919,4.282929206774704,10.462158151367394,0.0,10.11334363730036,26.84964200477327,34.98542274052478,-18.984547461368653,42.9911412193851,19.67502649240551,33.0588719637711,57.43321876099488,16.27990553444912,3.135522491150315,33.847669074195665,62.27498869289914,95.39340954942838,45.0712501836345,20.91923966609675,66.45467160037003,10.640799529688419,31.680805938494167,31.52156382052192,24.265364629994625,0.45107794361525705,28.29886755292959,33.97481647634584,17.32552948762462,,13.37147289828372,31.06476399560922,6.242043057746024,13.094235166686726,11.481223922114047,82.86147623862487,31.85053380782918,13.796477495107633,11.285406591620271,36.34389926183239,5.067586360349336,46.03698811096433
SALES_GENERAL_IN_OP_COST_3,87.71043771043772,47.36842105263158,4.327767624252533,23.87904668474811,9.717952145435103,27.52442996742671,53.333333333333336,67.90756226958007,75.54858934169279,15.151515151515152,8.335930071829782,13.478260869565217,30.192076830732294,30.562595032944753,,57.926829268292686,48.818621831613804,64.7807984325251,,17.298536413330982,18.239800685144814,39.22162776383694,50.34013605442177,51.33630289532294,17.682658644288455,4.276460599962267,9.41686869975756,,10.14344262295082,27.366345311130587,34.131736526946106,-4.9271339347675225,48.1665288116901,19.759206798866856,33.61512791991101,56.64919039480926,19.126700812251023,3.3061902126650327,32.75685263712203,60.63450955001618,95.63142437591777,45.61157796451914,21.67933405718422,66.93169092945129,10.64151080707372,33.34767025089606,33.11306177466548,24.125760460688245,0.4642712959224869,27.63228579102874,33.65082860760887,18.133632731925115,,13.299360511590727,29.80209545983702,7.163518629411227,13.456246560264171,11.487972752430284,80.41830065359477,31.013916500994036,-14.164648910411623,11.909190834531158,37.28119829312897,5.204069699450357,45.02196193265007
